ID,Tên công việc,Tên công ty,Nơi làm việc,Mức lương,Ngày đăng tin,Ngày hết hạn,Link
35C59B39,Nhân Viên Kinh Doanh Thị Trường Local Sales Rep (Mới),TCL (Vietnam) Corporation Limited,Hồ Chí Minh Lâm Đồng Bình Thuận,Lương: Cạnh tranh,01-10-2025,30-11-2025,https://careerviet.vn/vi/tim-viec-lam/nhan-vien-kinh-doanh-thi-truong-local-sales-rep.35C59B39.html
35C59B39,Nhân Viên Kinh Doanh Thị Trường Local Sales Rep (Mới),TCL (Vietnam) Corporation Limited,Hồ Chí Minh Lâm Đồng Bình Thuận,Lương: Cạnh tranh,01-10-2025,30-11-2025,https://careerviet.vn/vi/tim-viec-lam/nhan-vien-kinh-doanh-thi-truong-local-sales-rep.35C59B39.html
35C59B33,Bác sĩ Tư vấn Ngân hàng sinh học (Mới),Công ty CP Bệnh Viện Đa Khoa Quốc Tế Vinmec,Hà Nội,Lương: Cạnh tranh,01-10-2025,01-11-2025,https://careerviet.vn/vi/tim-viec-lam/bac-si-tu-van-ngan-hang-sinh-hoc.35C59B33.html
35C59B30,Nhân viên bán vé máy bay (Booker) (Mới),Công Ty CP Du lịch và Tiếp Thị GTVT Việt Nam- Vietravel,Hồ Chí Minh,Lương: Cạnh tranh,01-10-2025,14-10-2025,https://careerviet.vn/vi/tim-viec-lam/nhan-vien-ban-ve-may-bay-booker.35C59B30.html
35C59B29,Kế Toán Trưởng (Lĩnh vực Xây Dựng) (Mới),CÔNG TY CP TẬP ĐOÀN ĐẦU TƯ HOÀNG GIA VIỆT NAM,Hồ Chí Minh,Lương: Cạnh tranh,01-10-2025,31-10-2025,https://careerviet.vn/vi/tim-viec-lam/ke-toan-truong-linh-vuc-xay-dung.35C59B29.html
35C59B2C,Nhân viên Trực Tổng Đài 24/7 Ngân Hàng MB Bank tại Đống Đa .H2 (Mới),CÔNG TY CỔ PHẦN TRUYỀN THÔNG KIM CƯƠNG,Hà Nội,Lương: 8 Tr - 12 Tr VND,01-10-2025,26-10-2025,https://careerviet.vn/vi/tim-viec-lam/nhan-vien-truc-tong-dai-24-7-ngan-hang-mb-bank-tai-dong-da-h2.35C59B2C.html
35C598DD,NHÂN VIÊN CHẤT LƯỢNG QAQC (R&D BAO BÌ) (Mới),CÔNG TY CỔ PHẦN CHẾ BIẾN THỰC PHẨM HOÀNG SƠN,Bình Dương,Lương: 15 Tr - 17 Tr VND,01-10-2025,31-10-2025,https://careerviet.vn/vi/tim-viec-lam/nhan-vien-chat-luong-qaqc-r-d-bao-bi.35C598DD.html
35C5955F,Senior 3D Designer,CREASIA,Hồ Chí Minh,Lương: Cạnh tranh,01-10-2025,31-10-2025,https://careerviet.vn/vi/tim-viec-lam/senior-3d-designer.35C5955F.html
35C59B28,CVCC Quản trị hệ thống Nhân sự - Hà Nội - TA163 (Mới),Ngân Hàng TMCP Việt Nam Thịnh Vượng - VPBANK,Hà Nội,Lương: Cạnh tranh,01-10-2025,30-10-2025,https://careerviet.vn/vi/tim-viec-lam/cvcc-quan-tri-he-thong-nhan-su-ha-noi-ta163.35C59B28.html
35C59B27,Video Editor (Mới),Medigo Software,Hồ Chí Minh,Lương: 15 Tr - 19 Tr VND,01-10-2025,31-10-2025,https://careerviet.vn/vi/tim-viec-lam/video-editor.35C59B27.html
35C59B25,Technical Support Engineer (Site Check) (Mới),Daikin Air Conditioning (Vietnam) Joint Stock Company,Hồ Chí Minh,Lương: Cạnh tranh,01-10-2025,30-10-2025,https://careerviet.vn/vi/tim-viec-lam/technical-support-engineer-site-check.35C59B25.html
35C59B24,NHÂN VIÊN XUẤT NHẬP KHẨU (Mới),Công ty TNHH Giày Apache Việt Nam,Tiền Giang,"Lương: 6,5 Tr - 9 Tr VND",01-10-2025,31-10-2025,https://careerviet.vn/vi/tim-viec-lam/nhan-vien-xuat-nhap-khau.35C59B24.html
35C59B23,Nhân viên kế hoạch sản xuất (Mới),CÔNG TY TNHH TEXON SEMICONDUCTOR TECHNOLOGIES,Bắc Ninh,Lương: 10 Tr - 18 Tr VND,01-10-2025,31-10-2025,https://careerviet.vn/vi/tim-viec-lam/nhan-vien-ke-hoach-san-xuat.35C59B23.html
35C59B06,Assistant Brand Manager (Product Marketing) (Mới),Công Ty TNHH CJ Foods Việt Nam,Hồ Chí Minh,Lương: Cạnh tranh,01-10-2025,31-10-2025,https://careerviet.vn/vi/tim-viec-lam/assistant-brand-manager-product-marketing.35C59B06.html
35C59B22,Chuyên viên Thiết kế - Truyền thông (Mới),Trường Đại Học Văn Hiến,Hồ Chí Minh,Lương: 10 Tr - 20 Tr VND,01-10-2025,15-10-2025,https://careerviet.vn/vi/tim-viec-lam/chuyen-vien-thiet-ke-truyen-thong.35C59B22.html
35C59B21,Trưởng Phòng Kho (Mới),"Hoang Duc Pharmaceutical & Medical Supplies co, Ltd.",Long An,Lương: Cạnh tranh,01-10-2025,31-12-2025,https://careerviet.vn/vi/tim-viec-lam/truong-phong-kho.35C59B21.html
35C59B20,Kế Toán Trưởng (Ngành F&B)/ Chief Accountant (F&B Industry) (Mới),MÙA GROUP,Hồ Chí Minh,Lương: 30 Tr - 35 Tr VND,01-10-2025,01-11-2025,https://careerviet.vn/vi/tim-viec-lam/ke-toan-truong-nganh-f-b-chief-accountant-f-b-industry.35C59B20.html
35C59B1B,Chuyên viên nước cấp (Mới),CÔNG TY TNHH ĐẦU TƯ ITS,Hồ Chí Minh,"Lương: 1,1 Tr - 15 Tr VND",01-10-2025,31-10-2025,https://careerviet.vn/vi/tim-viec-lam/chuyen-vien-nuoc-cap.35C59B1B.html
35C59B1E,CHUYÊN VIÊN HÀNH CHÍNH NHÂN SỰ (Mới),Công ty TNHH SX-TM Thép Tây Nam,Long An,Lương: 8 Tr - 10 Tr VND,01-10-2025,31-10-2025,https://careerviet.vn/vi/tim-viec-lam/chuyen-vien-hanh-chinh-nhan-su.35C59B1E.html
35C59B1D,"Điều Dưỡng/ Hộ Sinh / Y Sĩ Lấy Máu Tại Chi Nhánh - Thảo Điền, Quận 2 (Mới)",DIAG,Hồ Chí Minh,Lương: 11 Tr - 13 Tr VND,01-10-2025,26-10-2025,https://careerviet.vn/vi/tim-viec-lam/dieu-duong-ho-sinh-y-si-lay-mau-tai-chi-nhanh-thao-dien-quan-2.35C59B1D.html
35C59B17,Trưởng phòng tuyển dụng (Mới),CÔNG TY LIÊN DOANH VẬN CHUYỂN QUỐC TẾ HẢI VÂN,Hà Nội Hồ Chí Minh,Lương: Cạnh tranh,01-10-2025,31-10-2025,https://careerviet.vn/vi/tim-viec-lam/truong-phong-tuyen-dung.35C59B17.html
35C59AFB,Thực Tập Sinh Chứng Khoán (Thu Nhập Không Giới Hạn) (Mới),CareerViet's client,Hồ Chí Minh,Lương: 5 Tr - 18 Tr VND,01-10-2025,31-12-2025,https://careerviet.vn/vi/tim-viec-lam/thuc-tap-sinh-chung-khoan-thu-nhap-khong-gioi-han.35C59AFB.html
35C59AFB,Thực Tập Sinh Chứng Khoán (Thu Nhập Không Giới Hạn) (Mới),CareerViet's client,Hồ Chí Minh,Lương: 5 Tr - 18 Tr VND,01-10-2025,31-12-2025,https://careerviet.vn/vi/tim-viec-lam/thuc-tap-sinh-chung-khoan-thu-nhap-khong-gioi-han.35C59AFB.html
35C59AF9,"Thực Tập Sinh Pháp Lý (Phụ Cấp 3.000.000 Vnđ, Hỗ Trợ Mộc Và Số Liệu) (Mới)",CareerViet's client,Hồ Chí Minh,"Lương: 3 Tr - 6,5 Tr VND",01-10-2025,31-12-2025,https://careerviet.vn/vi/tim-viec-lam/thuc-tap-sinh-phap-ly-phu-cap-3-000-000-vnd-ho-tro-moc-va-so-lieu.35C59AF9.html
35C59AF8,"Thực Tập Sinh Marketing (Thu Nhập Up To 30.000.000 Vnđ, Không Vướng Lịch Học) (Mới)",CareerViet's client,Hồ Chí Minh,Lương: 6 Tr - 15 Tr VND,01-10-2025,31-12-2025,https://careerviet.vn/vi/tim-viec-lam/thuc-tap-sinh-marketing-thu-nhap-up-to-30-000-000-vnd-khong-vuong-lich-hoc.35C59AF8.html
35C59AF7,[THỰC TẬP SINH NGÂN HÀNG – KHÔNG YÊU CẦU KINH NGHIỆM] (Mới),CareerViet's client,Hồ Chí Minh,"Lương: 4 Tr - 6,5 Tr VND",01-10-2025,31-12-2025,https://careerviet.vn/vi/tim-viec-lam/thuc-tap-sinh-ngan-hang-khong-yeu-cau-kinh-nghiem.35C59AF7.html
35C59AF5,Ecommerce Intern (Lương Cứng 7 Triệu + Số Liệu + Con Dấu) (Mới),CareerViet's client,Hồ Chí Minh,Lương: 5 Tr - 7 Tr VND,01-10-2025,31-12-2025,https://careerviet.vn/vi/tim-viec-lam/ecommerce-intern-luong-cung-7-trieu-so-lieu-con-dau.35C59AF5.html
35C59AF6,Trưởng Nhóm Dịch Vụ Khách Hàng - CN Việt Hưng - TA126 (Mới),Ngân Hàng TMCP Việt Nam Thịnh Vượng - VPBANK,Hà Nội,Lương: Cạnh tranh,01-10-2025,02-11-2025,https://careerviet.vn/vi/tim-viec-lam/truong-nhom-dich-vu-khach-hang-cn-viet-hung-ta126.35C59AF6.html
35C59AF4,Thực Tập Sinh Thương Mại Điện Tử  (Phụ Cấp + Số Liệu + Dấu Mộc) (Mới),CareerViet's client,Hồ Chí Minh,Lương: 5 Tr - 8 Tr VND,01-10-2025,31-12-2025,https://careerviet.vn/vi/tim-viec-lam/thuc-tap-sinh-thuong-mai-dien-tu-phu-cap-so-lieu-dau-moc.35C59AF4.html
35C59AF1,"Thực Tập Sinh Kinh Doanh (Thu Nhập Up To 20 Triệu, Hỗ Trợ Số Liệu + Mộc) (Mới)",CareerViet's client,Hồ Chí Minh,Lương: 5 Tr - 20 Tr VND,01-10-2025,31-12-2025,https://careerviet.vn/vi/tim-viec-lam/thuc-tap-sinh-kinh-doanh-thu-nhap-up-to-20-trieu-ho-tro-so-lieu-moc.35C59AF1.html
35C59AF0,Thực Tập Sinh Chăm Sóc Khách Hàng (Phụ Cấp 5.000.000 Vnđ + Số Liệu + Dấu Mộc) (Mới),CareerViet's client,Hồ Chí Minh,Lương: 5 Tr - 7 Tr VND,01-10-2025,31-12-2025,https://careerviet.vn/vi/tim-viec-lam/thuc-tap-sinh-cham-soc-khach-hang-phu-cap-5-000-000-vnd-so-lieu-dau-moc.35C59AF0.html
35C59AEC,"Garment QC Inspector (Y Yen, Nam Dinh) (Mới)",TÜV Rheinland Vietnam,Hà Nội,Lương: Cạnh tranh,01-10-2025,10-10-2025,https://careerviet.vn/vi/tim-viec-lam/garment-qc-inspector-y-yen-nam-dinh.35C59AEC.html
35C59AEE,Thực Tập Sinh Kế Hoạch Đầu Tư (Phụ Cấp Thực Tập Up To 5.000.000 Vnđ + Con Dấu + Số Liệu) (Mới),CareerViet's client,Hồ Chí Minh,Lương: 3 Tr - 5 Tr VND,01-10-2025,31-12-2025,https://careerviet.vn/vi/tim-viec-lam/thuc-tap-sinh-ke-hoach-dau-tu-phu-cap-thuc-tap-up-to-5-000-000-vnd-con-dau-so-lieu.35C59AEE.html
35C59AEF,Merchandising Specialist (Mới),Yes4All Trading Services Company Limited,Hồ Chí Minh,Lương: Cạnh tranh,01-10-2025,31-10-2025,https://careerviet.vn/vi/tim-viec-lam/merchandising-specialist.35C59AEF.html
35C59AED,Giám Đốc Sàn (Thu Nhập Up To 100.000.000 Vnđ) (Mới),CareerViet's client,Hồ Chí Minh,Lương: 50 Tr - 100 Tr VND,01-10-2025,31-12-2025,https://careerviet.vn/vi/tim-viec-lam/giam-doc-san-thu-nhap-up-to-100-000-000-vnd.35C59AED.html
35C59AEA,Trưởng phòng Sản xuất nội dung (Mới),Công Ty Cổ Phần Tập Đoàn Đầu Tư Địa Ốc No Va,Hồ Chí Minh,Lương: Cạnh tranh,01-10-2025,31-12-2025,https://careerviet.vn/vi/tim-viec-lam/truong-phong-san-xuat-noi-dung.35C59AEA.html
35C59AEB,Trưởng phòng Kinh doanh Khách hàng Ưu tiên - CN Việt Hưng - TA 126 (Mới),Ngân Hàng TMCP Việt Nam Thịnh Vượng - VPBANK,Hà Nội,Lương: Cạnh tranh,01-10-2025,02-11-2025,https://careerviet.vn/vi/tim-viec-lam/truong-phong-kinh-doanh-khach-hang-uu-tien-cn-viet-hung-ta-126.35C59AEB.html
35C59AE6,Chuyên Viên Cao Cấp Quản Lý Chất Lượng (QA) (Mới),CÔNG TY TNHH MTV CHẾ TÁC VÀ KINH DOANH TRANG SỨC PNJ,Hồ Chí Minh,Lương: 20 Tr - 23 Tr VND,01-10-2025,30-10-2025,https://careerviet.vn/vi/tim-viec-lam/chuyen-vien-cao-cap-quan-ly-chat-luong-qa.35C59AE6.html
35C59AE5,"Garment QC Inspector (Gia Vien, Ninh Binh) (Mới)",TÜV Rheinland Vietnam,Hà Nội,Lương: Cạnh tranh,01-10-2025,31-10-2025,https://careerviet.vn/vi/tim-viec-lam/garment-qc-inspector-gia-vien-ninh-binh.35C59AE5.html
35C59AE8,Training Senior Executive (Mới),Công ty TNHH GS25 Vietnam,Hà Nội,Lương: Cạnh tranh,01-10-2025,31-10-2025,https://careerviet.vn/vi/tim-viec-lam/training-senior-executive.35C59AE8.html
35C59AE9,[HN] Talent Acquisition Executive (Mới),Công Ty Cổ Phần Tập Đoàn Golden Gate - Chi nhánh Miền Nam,Hà Nội,Lương: Cạnh tranh,01-10-2025,11-12-2025,https://careerviet.vn/vi/tim-viec-lam/hn-talent-acquisition-executive.35C59AE9.html
35C59AE7,Senior Sales Engineer - Chinese (Mới),HR Vietnam’s ESS Client,Hồ Chí Minh,Lương: Cạnh tranh,01-10-2025,01-11-2025,https://careerviet.vn/vi/tim-viec-lam/senior-sales-engineer-chinese.35C59AE7.html
35C59A4B,"Kế Toán Tổng Hợp, Tài Sản Cố Định, Thuế(Mới)",Cat Loi - Công ty Cổ Phần Cát Lợi,Hồ Chí Minh,Lương: Cạnh Tranh,01-10-2025,01-11-2025,https://careerviet.vn/vi/tim-viec-lam/ke-toan-tong-hop-tai-san-co-dinh-thue.35C59A4B.html
35C59AE4,Kế Toán Nội Bộ(Mới),CÔNG TY TNHH CBS VIỆT NAM,Hồ Chí Minh,Lương: Cạnh Tranh,01-10-2025,31-10-2025,https://careerviet.vn/vi/tim-viec-lam/ke-toan-noi-bo.35C59AE4.html
35C59AE2,Chuyên viên QS(Mới),Công Ty CP Xây Dựng Số 1 (COFICO),Hồ Chí Minh,Lương: 15 Tr - 20 Tr VND,01-10-2025,01-11-2025,https://careerviet.vn/vi/tim-viec-lam/chuyen-vien-qs.35C59AE2.html
35C59ADB,Garment QC Inspector (Hanoi) - 02 vacants - P.IN(Mới),TÜV Rheinland Vietnam,Singapore,Lương: Cạnh Tranh,01-10-2025,31-10-2025,https://careerviet.vn/vi/tim-viec-lam/garment-qc-inspector-hanoi-02-vacants-p-in.35C59ADB.html
35C59ADF,Quản lý Cơ sở - Mầm non(Mới),Công ty TNHH Giáo dục Khai Nguyên,Hồ Chí Minh,Lương: 9 Tr - 11 Tr VND,01-10-2025,31-10-2025,https://careerviet.vn/vi/tim-viec-lam/quan-ly-co-so-mam-non.35C59ADF.html
35C59AE3,Chuyên viên Nguyên cứu thị trường - Ban ALM(Mới),Ngân Hàng TMCP Sài Gòn - Hà Nội ( SHB ),Hà Nội,Lương: Cạnh Tranh,01-10-2025,30-10-2025,https://careerviet.vn/vi/tim-viec-lam/chuyen-vien-nguyen-cuu-thi-truong-ban-alm.35C59AE3.html
35C59AE1,Nhân viên kinh doanh/Sales/Tư vấn (Hà Nội) - CÓ SẴN DATA(Mới),CÔNG TY CỔ PHẦN HỌC VIỆN MINH TRÍ THÀNH,Hà Nội,Lương: 15 Tr - 50 Tr VND,01-10-2025,01-11-2025,https://careerviet.vn/vi/tim-viec-lam/nhan-vien-kinh-doanh-sales-tu-van-ha-noi-co-san-data.35C59AE1.html
35C59AE0,Nhân viên Bán hàng ( Lương cứng 7.250.000 VNĐ)(Mới),CareerViet's client,Hồ Chí Minh,"Lương: 7,3 Tr - 14,1 Tr VND",01-10-2025,31-12-2025,https://careerviet.vn/vi/tim-viec-lam/nhan-vien-ban-hang-luong-cung-7-250-000-vnd.35C59AE0.html
35C59ADD,Giám Đốc Sàn Kinh Doanh Bất Động Sản(Mới),CareerViet's client,Hồ Chí Minh,"Lương: 25,3 Tr - 51,2 Tr VND",01-10-2025,31-12-2025,https://careerviet.vn/vi/tim-viec-lam/giam-doc-san-kinh-doanh-bat-dong-san.35C59ADD.html
35C59AB5,Trưởng Phòng Vận Tải (Bình Dương)(Mới),Công ty TNHH YCH - Protrade,Bình Dương,Lương: Cạnh Tranh,01-10-2025,01-11-2025,https://careerviet.vn/vi/tim-viec-lam/truong-phong-van-tai-binh-duong.35C59AB5.html
35C59ADC,Trưởng phòng Phát triển Đại lý (Bất Động sản)(Mới),CareerViet's client,Hồ Chí Minh,"Lương: 34,8 Tr - 48,3 Tr VND",01-10-2025,31-12-2025,https://careerviet.vn/vi/tim-viec-lam/truong-phong-phat-trien-dai-ly-bat-dong-san.35C59ADC.html
35C59ADA,Trưởng phòng Kinh doanh Bất Động sản(Mới),CareerViet's client,Hồ Chí Minh,"Lương: 32,1 Tr - 45,3 Tr VND",01-10-2025,31-12-2025,https://careerviet.vn/vi/tim-viec-lam/truong-phong-kinh-doanh-bat-dong-san.35C59ADA.html
35C59AD8,Thực tập sinh Quan hệ Khách hàng (Lương cứng 6.900.000 VNĐ)(Mới),CareerViet's client,Hồ Chí Minh,"Lương: 6,9 Tr - 9,6 Tr VND",01-10-2025,31-12-2025,https://careerviet.vn/vi/tim-viec-lam/thuc-tap-sinh-quan-he-khach-hang-luong-cung-6-900-000-vnd.35C59AD8.html
35C59AD7,Recruitment Expert ( Mass Recruitment)(Mới),FE CREDIT,Hồ Chí Minh,Lương: Cạnh Tranh,01-10-2025,31-10-2025,https://careerviet.vn/vi/tim-viec-lam/recruitment-expert-mass-recruitment.35C59AD7.html
35C59AD5,PURCHASING MANAGER(Mới),Công ty TNHH Giày Apache Việt Nam,Tiền Giang,Lương: Cạnh Tranh,01-10-2025,31-10-2025,https://careerviet.vn/vi/tim-viec-lam/purchasing-manager.35C59AD5.html
35C59AD4,Digital Marketing(Mới),Công ty TNHH Minh Hương P.N.D (thương hiệu thời trang mặc nhà cao cấp Sunfly),Hà Nội,Lương: 15 Tr - 20 Tr VND,01-10-2025,30-12-2025,https://careerviet.vn/vi/tim-viec-lam/digital-marketing.35C59AD4.html
35C59ACE,Sales Admin(Mới),Công ty TNHH Minh Hương P.N.D (thương hiệu thời trang mặc nhà cao cấp Sunfly),Hà Nội,Lương: 10 Tr - 15 Tr VND,01-10-2025,30-12-2025,https://careerviet.vn/vi/tim-viec-lam/sales-admin.35C59ACE.html
35C59AD2,Thực tập sinh Tư vấn Bất Động sản(Mới),CareerViet's client,Hồ Chí Minh,"Lương: 5,2 Tr - 8,1 Tr VND",01-10-2025,31-12-2025,https://careerviet.vn/vi/tim-viec-lam/thuc-tap-sinh-tu-van-bat-dong-san.35C59AD2.html
35C59AA4,Nhân Viên Kế Toán Tổng Hợp(Mới),CÔNG TY CỔ PHẦN VẬN TẢI BƯU CHÍNH VIỆT NAM,Hồ Chí Minh,Lương: Cạnh Tranh,01-10-2025,01-11-2025,https://careerviet.vn/vi/tim-viec-lam/nhan-vien-ke-toan-tong-hop.35C59AA4.html
35C59AC6,Fabric purchaser(Mới),"Công ty TNHH, Liên Doanh Vĩnh Hưng (TMI Việt Nam)",Hồ Chí Minh,Lương: 10 Tr - 15 Tr VND,01-10-2025,31-10-2025,https://careerviet.vn/vi/tim-viec-lam/fabric-purchaser.35C59AC6.html
35C59ACF,Cộng tác viên kinh doanh(Mới),CareerViet's client,Hồ Chí Minh,"Lương: 5,6 Tr - 8,8 Tr VND",01-10-2025,31-12-2025,https://careerviet.vn/vi/tim-viec-lam/cong-tac-vien-kinh-doanh.35C59ACF.html
35C59ACD,Business Development Intern (Lương cứng 5.650.000 VNĐ)(Mới),CareerViet's client,Hồ Chí Minh,"Lương: 5,7 Tr - 12,1 Tr VND",01-10-2025,31-12-2025,https://careerviet.vn/vi/tim-viec-lam/business-development-intern-luong-cung-5-650-000-vnd.35C59ACD.html
35C59ACB,Thực tập sinh Ngân hàng(Mới),CareerViet's client,Hồ Chí Minh,"Lương: 5,6 Tr - 8,1 Tr VND",01-10-2025,31-12-2025,https://careerviet.vn/vi/tim-viec-lam/thuc-tap-sinh-ngan-hang.35C59ACB.html
35C59AC9,Nhân Viên Kế Toán(Mới),CÔNG TY TNHH DỊCH VỤ TÀI CHÍNH - KẾ TOÁN Á CHÂU,Hồ Chí Minh,Lương: Cạnh Tranh,01-10-2025,01-11-2025,https://careerviet.vn/vi/tim-viec-lam/nhan-vien-ke-toan.35C59AC9.html
35C59AC8,Thực tập sinh Pháp lý(Mới),CareerViet's client,Hồ Chí Minh,"Lương: 5,2 Tr - 8,1 Tr VND",01-10-2025,31-12-2025,https://careerviet.vn/vi/tim-viec-lam/thuc-tap-sinh-phap-ly.35C59AC8.html
35C59AC7,Thực tập sinh Chăm sóc Khách Hàng (Lương cứng 7.800.000 VNĐ)(Mới),CareerViet's client,Hồ Chí Minh,"Lương: 7,9 Tr - 9,8 Tr VND",01-10-2025,31-12-2025,https://careerviet.vn/vi/tim-viec-lam/thuc-tap-sinh-cham-soc-khach-hang-luong-cung-7-800-000-vnd.35C59AC7.html
35C59AC5,Thực tập sinh Thương mại Điện tử (Lương cứng 8.200.000 VNĐ)(Mới),CareerViet's client,Hồ Chí Minh,"Lương: 8,2 Tr - 10,6 Tr VND",01-10-2025,31-12-2025,https://careerviet.vn/vi/tim-viec-lam/thuc-tap-sinh-thuong-mai-dien-tu-luong-cung-8-200-000-vnd.35C59AC5.html
35C59AC4,Thực tập sinh Tài Chính (Lương cứng 7.200.000 VNĐ)(Mới),CareerViet's client,Hồ Chí Minh,"Lương: 7,2 Tr - 8,9 Tr VND",01-10-2025,31-12-2025,https://careerviet.vn/vi/tim-viec-lam/thuc-tap-sinh-tai-chinh-luong-cung-7-200-000-vnd.35C59AC4.html
35C59A19,Buyer(Mới),Công ty TNHH Liên doanh FLV,Bình Dương,Lương: 30 Tr - 40 Tr VND,01-10-2025,01-11-2025,https://careerviet.vn/vi/tim-viec-lam/buyer.35C59A19.html
35C59AC3,Nhân Viên Chăm Sóc Khách Hàng Ứng Dụng Giao Hàng(Mới),Công Ty TNHH Việt Mỹ-SSU,Hồ Chí Minh,"Lương: 7 Tr - 8,3 Tr VND",01-10-2025,01-11-2025,https://careerviet.vn/vi/tim-viec-lam/nhan-vien-cham-soc-khach-hang-ung-dung-giao-hang.35C59AC3.html
35C59AC2,Thực tập sinh Kế hoạch Đầu tư (Lương cứng 6.800.000 VNĐ) (Mới),CareerViet's client,Hồ Chí Minh,"Lương: 6,8 Tr - 8,8 Tr VND",01-10-2025,31-12-2025,https://careerviet.vn/vi/tim-viec-lam/thuc-tap-sinh-ke-hoach-dau-tu-luong-cung-6-800-000-vnd.35C59AC2.html
35C59AC2,Thực tập sinh Kế hoạch Đầu tư (Lương cứng 6.800.000 VNĐ) (Mới),CareerViet's client,Hồ Chí Minh,"Lương: 6,8 Tr - 8,8 Tr VND",01-10-2025,31-12-2025,https://careerviet.vn/vi/tim-viec-lam/thuc-tap-sinh-ke-hoach-dau-tu-luong-cung-6-800-000-vnd.35C59AC2.html
35C59AC0,Business Development Intern (Lương cứng 5.650.000 VNĐ) (Mới),CareerViet's client,Hồ Chí Minh,"Lương: 5,7 Tr - 12,1 Tr VND",01-10-2025,31-12-2025,https://careerviet.vn/vi/tim-viec-lam/business-development-intern-luong-cung-5-650-000-vnd.35C59AC0.html
35C59ABD,Nhân viên Bán hàng ( Lương cứng 7.250.000 VNĐ) (Mới),CareerViet's client,Hồ Chí Minh,"Lương: 7,3 Tr - 14,1 Tr VND",01-10-2025,31-12-2025,https://careerviet.vn/vi/tim-viec-lam/nhan-vien-ban-hang-luong-cung-7-250-000-vnd.35C59ABD.html
35C59ABB,Sales Executive (Lương cứng 11.800.000 VNĐ) (Mới),CareerViet's client,Hồ Chí Minh,"Lương: 11,8 Tr - 19,3 Tr VND",01-10-2025,31-12-2025,https://careerviet.vn/vi/tim-viec-lam/sales-executive-luong-cung-11-800-000-vnd.35C59ABB.html
35C59ABC,"[Bạc Liêu, Sóc Trăng] Nhân viên kinh doanh kênh Đại lý tại Địa phương (Mới)",Daikin Air Conditioning (Vietnam) Joint Stock Company,Bạc Liêu Sóc Trăng Cà Mau,Lương: Cạnh tranh,01-10-2025,01-11-2025,https://careerviet.vn/vi/tim-viec-lam/bac-lieu-soc-trang-nhan-vien-kinh-doanh-kenh-dai-ly-tai-dia-phuong.35C59ABC.html
35C59AB7,PROCUREMENT SPECIALIST/ PURCHASING SPECIALIST (Mới),Công ty TNHH Bách Khoa Á Châu,Hồ Chí Minh,Lương: 15 Tr - 17 Tr VND,01-10-2025,31-10-2025,https://careerviet.vn/vi/tim-viec-lam/procurement-specialist-purchasing-specialist.35C59AB7.html
35C59ABA,Sale B2C Intern (Lương cứng 6.300.000 VNĐ) (Mới),CareerViet's client,Hồ Chí Minh,"Lương: 6,3 Tr - 9,9 Tr VND",01-10-2025,31-12-2025,https://careerviet.vn/vi/tim-viec-lam/sale-b2c-intern-luong-cung-6-300-000-vnd.35C59ABA.html
35C59AB8,Thực tập sinh Quan hệ Khách hàng (Lương cứng 6.900.000 VNĐ) (Mới),CareerViet's client,Hồ Chí Minh,"Lương: 6,9 Tr - 9,6 Tr VND",01-10-2025,31-12-2025,https://careerviet.vn/vi/tim-viec-lam/thuc-tap-sinh-quan-he-khach-hang-luong-cung-6-900-000-vnd.35C59AB8.html
35C59AB6,Warehouse supervisor (Mới),CÔNG TY TNHH CLEANDYE VIỆT NAM,Hồ Chí Minh,Lương: 10 Tr - 12 Tr VND,01-10-2025,30-10-2025,https://careerviet.vn/vi/tim-viec-lam/warehouse-supervisor.35C59AB6.html
35C59AB4,Chuyên viên PC (tiếng Trung) (Mới),CÔNG TY TNHH ĐIỆN KHÍ QUỐC QUANG (VIỆT NAM),Quảng Nam,Lương: Cạnh tranh,01-10-2025,01-11-2025,https://careerviet.vn/vi/tim-viec-lam/chuyen-vien-pc-tieng-trung.35C59AB4.html
35C59AB3,CHUYÊN VIÊN QUAY DỰNG (Mới),"Công Ty Tổ Chức Hội Nghị, Sự Kiện Và Du Lịch Quốc Tế Hòa Bình",Hà Nội,Lương: 13 Tr - 18 Tr VND,01-10-2025,31-10-2025,https://careerviet.vn/vi/tim-viec-lam/chuyen-vien-quay-dung.35C59AB3.html
35C59AB1,TRƯỞNG PHÒNG VẬN HÀNH - OPERATION MANAGER (Mới),Công ty TNHH Giáo dục Khai Nguyên,Hồ Chí Minh,Lương: Cạnh tranh,01-10-2025,31-10-2025,https://careerviet.vn/vi/tim-viec-lam/truong-phong-van-hanh-operation-manager.35C59AB1.html
35C59A3E,Plastic Injection Molding Methods & Process Technician (Mới),"Siamp Co., Ltd",Hồ Chí Minh,Lương: Cạnh tranh,01-10-2025,01-11-2025,https://careerviet.vn/vi/tim-viec-lam/plastic-injection-molding-methods-process-technician.35C59A3E.html
35C59AAB,Nhân viên Kỹ thuật Vận Hành (Mới),CÔNG TY CỔ PHẦN TAJ VIỆT NAM,Hà Nội,Lương: 15 Tr - 20 Tr VND,01-10-2025,30-11-2025,https://careerviet.vn/vi/tim-viec-lam/nhan-vien-ky-thuat-van-hanh.35C59AAB.html
35C59AB0,Business Development Specialist (Hanoi/ Hung Yen) - Electrical Testing - Chinese Speaking - P.03 (Mới),TÜV Rheinland Vietnam,Hà Nội,Lương: Cạnh tranh,01-10-2025,31-10-2025,https://careerviet.vn/vi/tim-viec-lam/business-development-specialist-hanoi-hung-yen-electrical-testing-chinese-speaking-p-03.35C59AB0.html
35C59AAD,"Nhân viên Chăm Sóc Khách Hàng MB Bank tại 21 Cát Linh, Đống Đa .H2 (Mới)",CÔNG TY CỔ PHẦN TRUYỀN THÔNG KIM CƯƠNG,Hà Nội,Lương: 8 Tr - 12 Tr VND,01-10-2025,26-10-2025,https://careerviet.vn/vi/tim-viec-lam/nhan-vien-cham-soc-khach-hang-mb-bank-tai-21-cat-linh-dong-da-h2.35C59AAD.html
35C59AAA,SENIOR HUMAN RESOURCES EXECUTIVE (Japanese or English) (Mới),"Iconic Co.,Ltd",Đồng Nai,Lương: 17 Tr - 19 Tr VND,01-10-2025,01-11-2025,https://careerviet.vn/vi/tim-viec-lam/senior-human-resources-executive-japanese-or-english.35C59AAA.html
35C59AAE,CHUYÊN VIÊN KẾ HOẠCH SÁNG TẠO (Mới),"Công Ty Tổ Chức Hội Nghị, Sự Kiện Và Du Lịch Quốc Tế Hòa Bình",Hà Nội,Lương: 13 Tr - 16 Tr VND,01-10-2025,31-10-2025,https://careerviet.vn/vi/tim-viec-lam/chuyen-vien-ke-hoach-sang-tao.35C59AAE.html
35C59AA7,Software Engineer (Mới),Công Ty TNHH Archetype Việt Nam,Hồ Chí Minh,Lương: Cạnh tranh,01-10-2025,31-10-2025,https://careerviet.vn/vi/tim-viec-lam/software-engineer.35C59AA7.html
35C59AA5,Nhân Viên An Toàn SHE (Mới),Công Ty TNHH Yokohama Tyre Việt Nam,Bình Dương,Lương: Cạnh tranh,01-10-2025,01-11-2025,https://careerviet.vn/vi/tim-viec-lam/nhan-vien-an-toan-she.35C59AA5.html
35C59AA9,CTV Livestream(Mới),Công ty TNHH Thiên Thủy Mộc,Hà Nội Hồ Chí Minh,Lương: Cạnh Tranh,01-10-2025,01-11-2025,https://careerviet.vn/vi/tim-viec-lam/ctv-livestream.35C59AA9.html
35C59AA8,CHUYÊN VIÊN ĐIỀU HÀNH SỰ KIỆN (MẢNG SET UP)(Mới),"Công Ty Tổ Chức Hội Nghị, Sự Kiện Và Du Lịch Quốc Tế Hòa Bình",Hà Nội,Lương: 13 Tr - 15 Tr VND,01-10-2025,31-10-2025,https://careerviet.vn/vi/tim-viec-lam/chuyen-vien-dieu-hanh-su-kien-mang-set-up.35C59AA8.html
35C59AA6,System Engineer(Mới),Công Ty TNHH Archetype Việt Nam,Hồ Chí Minh,Lương: Cạnh Tranh,01-10-2025,31-10-2025,https://careerviet.vn/vi/tim-viec-lam/system-engineer.35C59AA6.html
35C59AA3,PDC Specialist (Kế toán kho)(Mới),Huhtamaki (Vietnam) Ltd.,Bình Dương,Lương: Cạnh Tranh,01-10-2025,N/A,https://careerviet.vn/vi/tim-viec-lam/pdc-specialist-ke-toan-kho.35C59AA3.html
35C59AA0,Trợ lý Cửa hàng (X11 Vincom Times City)(Mới),KKV Vietnam,Hà Nội,Lương: 11 Tr - 15 Tr VND,01-10-2025,15-10-2025,https://careerviet.vn/vi/tim-viec-lam/tro-ly-cua-hang-x11-vincom-times-city.35C59AA0.html
35C59A9E,"Giám sát Kỹ thuật tòa nhà  (Quận 2, Quận 9)(Mới)","CBRE (Vietnam) Co.,ltd",Hồ Chí Minh,Lương: 12 Tr - 14 Tr VND,01-10-2025,01-11-2025,https://careerviet.vn/vi/tim-viec-lam/giam-sat-ky-thuat-toa-nha-quan-2-quan-9.35C59A9E.html
35C59A9D,Trưởng phòng KCS(Mới),Tập Đoàn Lộc Trời,Long An,Lương: Cạnh Tranh,01-10-2025,30-11-2025,https://careerviet.vn/vi/tim-viec-lam/truong-phong-kcs.35C59A9D.html
35C59AA1,NHÂN VIÊN SALES THIẾT BỊ(Mới),"Công Ty Tổ Chức Hội Nghị, Sự Kiện Và Du Lịch Quốc Tế Hòa Bình",Hà Nội,Lương: 10 Tr - 20 Tr VND,01-10-2025,31-10-2025,https://careerviet.vn/vi/tim-viec-lam/nhan-vien-sales-thiet-bi.35C59AA1.html
35C59AA2,Trưởng Phòng Dịch Vụ Khách Hàng - Sông Cầu (Phú Yên) - TA047(Mới),Ngân Hàng TMCP Việt Nam Thịnh Vượng - VPBANK,Phú Yên,Lương: Cạnh Tranh,01-10-2025,05-11-2025,https://careerviet.vn/vi/tim-viec-lam/truong-phong-dich-vu-khach-hang-song-cau-phu-yen-ta047.35C59AA2.html
35C59A6F,Store Manager - X11 Vincom Times City(Mới),KKV Vietnam,Hà Nội,Lương: Cạnh Tranh,01-10-2025,29-10-2025,https://careerviet.vn/vi/tim-viec-lam/store-manager-x11-vincom-times-city.35C59A6F.html
35C59A9F,Business Development Manager – Food Inspecting/Testing - A.03(Mới),TÜV Rheinland Vietnam,Hồ Chí Minh,Lương: Cạnh Tranh,01-10-2025,31-10-2025,https://careerviet.vn/vi/tim-viec-lam/business-development-manager-food-inspecting-testing-a-03.35C59A9F.html
35C5990E,Kỹ Thuật Viên CNC(Mới),CÔNG TY CỔ PHẦN ĐẦU TƯ VÀ PHÁT TRIỂN TRẦN GIA,Hà Nội,Lương: 10 Tr - 15 Tr VND,01-10-2025,30-11-2025,https://careerviet.vn/vi/tim-viec-lam/ky-thuat-vien-cnc.35C5990E.html
35C59A9A,Kế Toán Trưởng (Công ty sản xuất và xuất khẩu)(Mới),CÔNG TY CỔ PHẦN HAGIMEX,Hà Nam Hà Nội Hòa Bình,Lương: 25 Tr - 30 Tr VND,01-10-2025,01-11-2025,https://careerviet.vn/vi/tim-viec-lam/ke-toan-truong-cong-ty-san-xuat-va-xuat-khau.35C59A9A.html
35C59A9B,Nhân Viên R&D Thực phẩm(Mới),CÔNG TY CỔ PHẦN HAGIMEX,Hà Nam Hà Nội Hòa Bình,Lương: 10 Tr - 12 Tr VND,01-10-2025,01-11-2025,https://careerviet.vn/vi/tim-viec-lam/nhan-vien-r-d-thuc-pham.35C59A9B.html
35C59A9C,Nhân viên Nguyên liệu(Mới),CÔNG TY CỔ PHẦN HAGIMEX,Hà Nam Hà Nội Hòa Bình,Lương: 9 Tr - 12 Tr VND,01-10-2025,01-11-2025,https://careerviet.vn/vi/tim-viec-lam/nhan-vien-nguyen-lieu.35C59A9C.html
35C59A96,HCM_Trình dược viên OTC (Chăm sóc sức khỏe)(Mới),Mega Lifesciences (Vietnam),Hồ Chí Minh,Lương: 7 Tr - 25 Tr VND,01-10-2025,31-10-2025,https://careerviet.vn/vi/tim-viec-lam/hcm_trinh-duoc-vien-otc-cham-soc-suc-khoe.35C59A96.html
35C59A99,NHÂN VIÊN SALES VÉ(Mới),"Công Ty Tổ Chức Hội Nghị, Sự Kiện Và Du Lịch Quốc Tế Hòa Bình",Hà Nội,Lương: 10 Tr - 20 Tr VND,01-10-2025,31-10-2025,https://careerviet.vn/vi/tim-viec-lam/nhan-vien-sales-ve.35C59A99.html
35C59A95,Quản lý Vận hành chuỗi Nhà thuốc(Mới),Công ty cổ phần Anvy,Hà Nội,Lương: 25 Tr - 35 Tr VND,01-10-2025,31-10-2025,https://careerviet.vn/vi/tim-viec-lam/quan-ly-van-hanh-chuoi-nha-thuoc.35C59A95.html
35C59A94,"Hanoi_ Operations, Air Export(Mới)",Schenker Vietnam Co. Ltd,Hà Nội,Lương: Cạnh Tranh,01-10-2025,25-10-2025,https://careerviet.vn/vi/tim-viec-lam/hanoi_-operations-air-export.35C59A94.html
35C59A92,NHÂN VIÊN SALES TOUR(Mới),"Công Ty Tổ Chức Hội Nghị, Sự Kiện Và Du Lịch Quốc Tế Hòa Bình",Hà Nội,Lương: 10 Tr - 20 Tr VND,01-10-2025,31-10-2025,https://careerviet.vn/vi/tim-viec-lam/nhan-vien-sales-tour.35C59A92.html
35C59A8F,[Thu Duc] Thực tập sinh phòng thí nghiệm Vi sinh(Mới),EUROFINS VIETNAM,Hồ Chí Minh,Lương: Cạnh Tranh,01-10-2025,26-10-2025,https://careerviet.vn/vi/tim-viec-lam/thu-duc-thuc-tap-sinh-phong-thi-nghiem-vi-sinh.35C59A8F.html
35C598E1,Chuyên Viên Công Nợ và Tư vấn Tài Chính(Mới),CÔNG TY CỔ PHẦN TẬP ĐOÀN MIK GROUP VIỆT NAM,Hà Nội,Lương: Cạnh Tranh,01-10-2025,30-10-2025,https://careerviet.vn/vi/tim-viec-lam/chuyen-vien-cong-no-va-tu-van-tai-chinh.35C598E1.html
35C59A8D,"[Thủ Đức] Thực tập sinh Hành chính, HĐ 6 tháng có phụ cấp(Mới)",EUROFINS VIETNAM,Hồ Chí Minh,Lương: Cạnh Tranh,01-10-2025,26-10-2025,https://careerviet.vn/vi/tim-viec-lam/thu-duc-thuc-tap-sinh-hanh-chinh-hd-6-thang-co-phu-cap.35C59A8D.html
35C59A40,Trưởng Nhóm Dự Toán MEP(Mới),Công Ty Cổ Phần Kiến Trúc Tư Vấn Quản Lý Đông Dương,Hồ Chí Minh,Lương: Cạnh Tranh,01-10-2025,01-11-2025,https://careerviet.vn/vi/tim-viec-lam/truong-nhom-du-toan-mep.35C59A40.html
35C59A4A,Chuyên Viên Dự Toán MEP(Mới),Công Ty Cổ Phần Kiến Trúc Tư Vấn Quản Lý Đông Dương,Hồ Chí Minh,Lương: Cạnh Tranh,01-10-2025,01-11-2025,https://careerviet.vn/vi/tim-viec-lam/chuyen-vien-du-toan-mep.35C59A4A.html
35C59A8B,Chuyên Viên Hệ Thống - ISO(Mới),CÔNG TY CỔ PHẦN ĐẦU TƯ XÂY DỰNG TRUNG NAM  (TRUNGNAM GROUP),Hồ Chí Minh,Lương: Cạnh Tranh,01-10-2025,30-10-2025,https://careerviet.vn/vi/tim-viec-lam/chuyen-vien-he-thong-iso.35C59A8B.html
35C59A88,123898 - Tiếng Nhật - Trợ Lý Kinh Doanh - Ngành May Mặc(Mới),"RGF HR Agent Vietnam Co., LTD",Hồ Chí Minh,Lương: 20 Tr - 25 Tr VND,01-10-2025,3,https://careerviet.vn/vi/tim-viec-lam/123898-tieng-nhat-tro-ly-kinh-doanh-nganh-may-mac.35C59A88.html
35C59975,Chuyên Viên Giám Sát MEP(Mới),CÔNG TY CỔ PHẦN TẬP ĐOÀN MIK GROUP VIỆT NAM,Hà Nội,Lương: Cạnh Tranh,01-10-2025,20-11-2025,https://careerviet.vn/vi/tim-viec-lam/chuyen-vien-giam-sat-mep.35C59975.html
35C59A8C,Chuyên gia Quản lý Đất đai & Giải phóng mặt bằng (Lĩnh vực Năng lượng) - Energy - 4Q008(Mới),Tập đoàn ROX (ROX Group),Hà Nội,Lương: Cạnh Tranh,01-10-2025,24-10-2025,https://careerviet.vn/vi/tim-viec-lam/chuyen-gia-quan-ly-dat-dai-giai-phong-mat-bang-linh-vuc-nang-luong-energy-4q008.35C59A8C.html
35C59A8A,Marketing Admin(Mới),Công Ty Hoàng An Nhiên,Hồ Chí Minh,Lương: 12 Tr - 14 Tr VND,01-10-2025,31-10-2025,https://careerviet.vn/vi/tim-viec-lam/marketing-admin.35C59A8A.html
35C59A3B,Trưởng Nhóm Giám Sát Công Trình (Mới),Công Ty Cổ Phần Kiến Trúc Tư Vấn Quản Lý Đông Dương,Hồ Chí Minh,Lương: Cạnh tranh,01-10-2025,01-11-2025,https://careerviet.vn/vi/tim-viec-lam/truong-nhom-giam-sat-cong-trinh.35C59A3B.html
35C59A3B,Trưởng Nhóm Giám Sát Công Trình (Mới),Công Ty Cổ Phần Kiến Trúc Tư Vấn Quản Lý Đông Dương,Hồ Chí Minh,Lương: Cạnh tranh,01-10-2025,01-11-2025,https://careerviet.vn/vi/tim-viec-lam/truong-nhom-giam-sat-cong-trinh.35C59A3B.html
35C59A37,Trưởng Nhóm Kiến Trúc (Mới),Công Ty Cổ Phần Kiến Trúc Tư Vấn Quản Lý Đông Dương,Hồ Chí Minh,Lương: Cạnh tranh,01-10-2025,01-11-2025,https://careerviet.vn/vi/tim-viec-lam/truong-nhom-kien-truc.35C59A37.html
35C59A85,123867 - Korean required - Client Service Manager - Consulting (Mới),"RGF HR Agent Vietnam Co., LTD",Hồ Chí Minh,Lương: Cạnh tranh,01-10-2025,3,https://careerviet.vn/vi/tim-viec-lam/123867-korean-required-client-service-manager-consulting.35C59A85.html
35C59A86,GIÁM SÁT CÔNG TRÌNH XÂY DỰNG (Mới),Công Ty Cổ Phần Kiến Trúc Tư Vấn Quản Lý Đông Dương,Đồng Nai Hồ Chí Minh,Lương: Cạnh tranh,01-10-2025,01-11-2025,https://careerviet.vn/vi/tim-viec-lam/giam-sat-cong-trinh-xay-dung.35C59A86.html
35C59A80,NHÂN VIÊN KẾ TOÁN NỘI BỘ NGÀNH F&B (GẤP) (Mới),CÔNG TY TNHH TẬP ĐOÀN PHÁT TRIỂN ẨM THỰC VIỆT NAM (VNCD GROUP),Hồ Chí Minh,Lương: 12 Tr - 14 Tr VND,01-10-2025,31-10-2025,https://careerviet.vn/vi/tim-viec-lam/nhan-vien-ke-toan-noi-bo-nganh-f-b-gap.35C59A80.html
35C599CD,CHUYÊN VIÊN KỸ THUẬT QUY TRÌNH (Mới),CÔNG TY TNHH MTV CHẾ TÁC VÀ KINH DOANH TRANG SỨC PNJ,Hồ Chí Minh,Lương: 14 Tr - 16 Tr VND,01-10-2025,31-10-2025,https://careerviet.vn/vi/tim-viec-lam/chuyen-vien-ky-thuat-quy-trinh.35C599CD.html
35C59A7A,123865 - Korean Speaking - Client Service Associate - Consulting (Mới),"RGF HR Agent Vietnam Co., LTD",Hồ Chí Minh,Lương: Cạnh tranh,01-10-2025,3,https://careerviet.vn/vi/tim-viec-lam/123865-korean-speaking-client-service-associate-consulting.35C59A7A.html
35C59A81,Consumer Insight & Innovation Executive (Mới),Công ty cổ phần Nafoods Group,Hồ Chí Minh,Lương: Cạnh tranh,01-10-2025,30-10-2025,https://careerviet.vn/vi/tim-viec-lam/consumer-insight-innovation-executive.35C59A81.html
35C59A7F,[Đà Nẵng] Trưởng bộ phận Khách hàng ưu tiên (Mới),Ngân hàng TMCP Đại Chúng Việt Nam - PVcomBank,Đà Nẵng,Lương: Cạnh tranh,01-10-2025,31-10-2025,https://careerviet.vn/vi/tim-viec-lam/da-nang-truong-bo-phan-khach-hang-uu-tien.35C59A7F.html
35C59A7E,Nhân Viên Hành Chính (Mới),Công Ty Cổ phần Tập Đoàn KIDO,Hồ Chí Minh,Lương: 8 Tr - 10 Tr VND,01-10-2025,31-10-2025,https://careerviet.vn/vi/tim-viec-lam/nhan-vien-hanh-chinh.35C59A7E.html
35C59A7C,Nhân viên Kế toán phải trả (Mới),Công ty Cổ phần CANIFA,Hà Nội,Lương: 8 Tr - 12 Tr VND,01-10-2025,30-10-2025,https://careerviet.vn/vi/tim-viec-lam/nhan-vien-ke-toan-phai-tra.35C59A7C.html
35C59A74,Chuyên viên đầu tư (Mới),CÔNG TY CỔ PHẦN TẬP ĐOÀN ĐỊA ỐC VẠN XUÂN,Hồ Chí Minh,Lương: 20 Tr - 25 Tr VND,01-10-2025,01-11-2025,https://careerviet.vn/vi/tim-viec-lam/chuyen-vien-dau-tu.35C59A74.html
35C58BE3,Nhân Viên Lái Xe Tải Giao Hàng / Truck Driver,Virbac Vietnam Company Limited,Đồng Nai,Lương: Cạnh tranh,01-10-2025,23-10-2025,https://careerviet.vn/vi/tim-viec-lam/nhan-vien-lai-xe-tai-giao-hang-truck-driver.35C58BE3.html
35C59A7B,Digital Marketing Executive (Mới),Công ty TNHH Thai F&B,Hồ Chí Minh,Lương: Trên 15 Tr VND,01-10-2025,01-11-2025,https://careerviet.vn/vi/tim-viec-lam/digital-marketing-executive.35C59A7B.html
35C59A76,Nhân viên thiết kế đồ họa (Mới),HEXAGON - CÔNG TY CỔ PHẦN THIẾT KẾ LỤC GIÁC,Hà Nội,Lương: 10 Tr - 15 Tr VND,01-10-2025,01-11-2025,https://careerviet.vn/vi/tim-viec-lam/nhan-vien-thiet-ke-do-hoa.35C59A76.html
35C59A77,Nhân Viên Công Nghệ Thông Tin (Mới),CÔNG TY CỔ PHẦN TẬP ĐOÀN ONSEN FUJI,Phú Thọ,Lương: 8 Tr - 12 Tr VND,01-10-2025,31-10-2025,https://careerviet.vn/vi/tim-viec-lam/nhan-vien-cong-nghe-thong-tin.35C59A77.html
35C59A6E,123833 - Nhân viên Nhân sự (Tiếng Nhật) - IT (Mới),"RGF HR Agent Vietnam Co., LTD",Hồ Chí Minh,Lương: 24 Tr - 26 Tr VND,01-10-2025,3,https://careerviet.vn/vi/tim-viec-lam/123833-nhan-vien-nhan-su-tieng-nhat-it.35C59A6E.html
35C59A70,Credit Reappraisal Officer (Corporate) Ha Noi (Mới),Indovina Bank Ltd.,Hà Nội,Lương: Cạnh tranh,01-10-2025,01-11-2025,https://careerviet.vn/vi/tim-viec-lam/credit-reappraisal-officer-corporate-ha-noi.35C59A70.html
35C59A6D,CHUYÊN VIÊN CƠ ĐIỆN (Mới),Tổng công ty Xây dựng số 1 – CTCP,Hồ Chí Minh,Lương: Cạnh tranh,01-10-2025,31-10-2025,https://careerviet.vn/vi/tim-viec-lam/chuyen-vien-co-dien.35C59A6D.html
35C59A6B,Nhân viên Kinh doanh Khách đoàn thuộc Khối MICE (Mới),Công Ty CP Du lịch và Tiếp Thị GTVT Việt Nam- Vietravel,Hồ Chí Minh,Lương: Cạnh tranh,01-10-2025,11-11-2025,https://careerviet.vn/vi/tim-viec-lam/nhan-vien-kinh-doanh-khach-doan-thuoc-khoi-mice.35C59A6B.html
35C59A67,CUSTOMER SERVICE (GARMENT / TEXTILE / FOOTWEAR)(Mới),Chi nhánh CÔNG TY TNHH INTERTEK VIỆT NAM,Hồ Chí Minh,Lương: Cạnh Tranh,01-10-2025,01-11-2025,https://careerviet.vn/vi/tim-viec-lam/customer-service-garment-textile-footwear.35C59A67.html
35C59A56,123714 - Tiếng Nhật - Điều phối viên(Mới),"RGF HR Agent Vietnam Co., LTD",Hồ Chí Minh,Lương: Cạnh Tranh,01-10-2025,3,https://careerviet.vn/vi/tim-viec-lam/123714-tieng-nhat-dieu-phoi-vien.35C59A56.html
35C599F2,Bác Sĩ YHCT(Mới),CÔNG TY TNHH ĐẦU TƯ VÀ PHÁT TRIỂN DƯỠNG VIỆT NAM,Hà Nội Hồ Chí Minh,Lương: 15 Tr - 25 Tr VND,01-10-2025,01-11-2025,https://careerviet.vn/vi/tim-viec-lam/bac-si-yhct.35C599F2.html
35C599E5,Nhân Viên Tư Vấn Spa(Mới),CÔNG TY TNHH ĐẦU TƯ VÀ PHÁT TRIỂN DƯỠNG VIỆT NAM,Hà Nội,Lương: Trên 20 Tr VND,01-10-2025,01-11-2025,https://careerviet.vn/vi/tim-viec-lam/nhan-vien-tu-van-spa.35C599E5.html
35C59A66,R&D Executive (Food)(Mới),Công ty TNHH GS25 Vietnam,Hồ Chí Minh,Lương: Cạnh Tranh,01-10-2025,31-10-2025,https://careerviet.vn/vi/tim-viec-lam/r-d-executive-food.35C59A66.html
35C59A65,Nhân viên kinh doanh telesale(Mới),Công ty CP Công nghệ giáo dục Trường học trực tuyến (ONSCHOOL),Hồ Chí Minh,Lương: 16 Tr - 36 Tr VND,01-10-2025,31-10-2025,https://careerviet.vn/vi/tim-viec-lam/nhan-vien-kinh-doanh-telesale.35C59A65.html
35C59A63,Tư Vấn Giáo Dục(Mới),Công ty CP Công nghệ giáo dục Trường học trực tuyến (ONSCHOOL),Hồ Chí Minh,Lương: 16 Tr - 36 Tr VND,01-10-2025,31-10-2025,https://careerviet.vn/vi/tim-viec-lam/tu-van-giao-duc.35C59A63.html
35C59839,Giáo Viên Tiếng Anh Full-Time(Mới),CÔNG TY CỔ PHẦN GIẢI PHÁP CÔNG NGHỆ HCTECH,Bình Dương Hồ Chí Minh,Lương: 8 Tr - 12 Tr VND,01-10-2025,30-10-2025,https://careerviet.vn/vi/tim-viec-lam/giao-vien-tieng-anh-full-time.35C59839.html
35C59A5F,Ecommerce Team Leader(Mới),Công ty TNHH Thiên Thủy Mộc,Hồ Chí Minh,Lương: Cạnh Tranh,01-10-2025,31-10-2025,https://careerviet.vn/vi/tim-viec-lam/ecommerce-team-leader.35C59A5F.html
35C59A5E,CAM PROGRAMMING ENGINEER(Mới),CÔNG TY TNHH CARBORI MOLDS VIỆT NAM,Đồng Nai,Lương: Cạnh Tranh,01-10-2025,01-11-2025,https://careerviet.vn/vi/tim-viec-lam/cam-programming-engineer.35C59A5E.html
35C59A5D,Trưởng Bộ phận Quản lý hiệu suất(Mới),BVBank - Ngân hàng Bản Việt,Hồ Chí Minh,Lương: Cạnh Tranh,01-10-2025,31-10-2025,https://careerviet.vn/vi/tim-viec-lam/truong-bo-phan-quan-ly-hieu-suat.35C59A5D.html
35C59A5C,HO - Chuyên viên/Nhân viên Tư vấn chăm sóc khách hàng Thẻ(Mới),Ngân Hàng TMCP Phương Đông - OCB,Hồ Chí Minh,Lương: Cạnh Tranh,01-10-2025,31-10-2025,https://careerviet.vn/vi/tim-viec-lam/ho-chuyen-vien-nhan-vien-tu-van-cham-soc-khach-hang-the.35C59A5C.html
35C59A59,QC STAFF(Mới),DAEYOUNG ELECTRONICS VINA,Hồ Chí Minh,Lương: Cạnh Tranh,01-10-2025,31-12-2025,https://careerviet.vn/vi/tim-viec-lam/qc-staff.35C59A59.html
35C59A54,Nhân viên thủ kho(Mới),CÔNG TY CP CỬA SUNSPACE,Hưng Yên,Lương: 8 Tr - 11 Tr VND,01-10-2025,30-10-2025,https://careerviet.vn/vi/tim-viec-lam/nhan-vien-thu-kho.35C59A54.html
35C599FC,Nhân Viên Kỹ Thuật Hóa – Mảng Xử Lý Nước(Mới),CÔNG TY TNHH KỸ THUẬT CÔNG NGHỆ MÔI TRƯỜNG LONG TRƯỜNG VŨ,Hồ Chí Minh,Lương: 9 Tr - 12 Tr VND,01-10-2025,01-11-2025,https://careerviet.vn/vi/tim-viec-lam/nhan-vien-ky-thuat-hoa-mang-xu-ly-nuoc.35C599FC.html
35C59A4D,123716 - Tiếng Nhật - Nhân viên Hành chính & Kế toán(Mới),"RGF HR Agent Vietnam Co., LTD",Hồ Chí Minh,Lương: Cạnh Tranh,01-10-2025,3,https://careerviet.vn/vi/tim-viec-lam/123716-tieng-nhat-nhan-vien-hanh-chinh-ke-toan.35C59A4D.html
35C59A4F,Công nhân Premix(Mới),De Heus - chi nhánh Nghệ An,Nghệ An,"Lương: 6,6 Tr - 7,2 Tr VND",01-10-2025,15-10-2025,https://careerviet.vn/vi/tim-viec-lam/cong-nhan-premix.35C59A4F.html
35C59A10,Nhân Viên Kỹ Thuật Điện(Mới),CÔNG TY TNHH KỸ THUẬT CÔNG NGHỆ MÔI TRƯỜNG LONG TRƯỜNG VŨ,Hồ Chí Minh Đà Nẵng Hà Nội,Lương: 9 Tr - 12 Tr VND,01-10-2025,01-11-2025,https://careerviet.vn/vi/tim-viec-lam/nhan-vien-ky-thuat-dien.35C59A10.html
35C59A4E,Chuyên Viên Hỗ Trợ Công Nghệ Thông Tin(Mới),Ngân hàng TMCP Thịnh vượng và Phát triển - PGBank,Hà Nội,Lương: Cạnh Tranh,01-10-2025,01-11-2025,https://careerviet.vn/vi/tim-viec-lam/chuyen-vien-ho-tro-cong-nghe-thong-tin.35C59A4E.html
35C59A47,HRIS Officer(Mới),De Heus LLC,Hồ Chí Minh,Lương: 10 Tr - 13 Tr VND,01-10-2025,31-10-2025,https://careerviet.vn/vi/tim-viec-lam/hris-officer.35C59A47.html
35C59A49,Test Engineer(Mới),TECOTEC Technology,Hà Nội,Lương: 8 Tr - 15 Tr VND,01-10-2025,31-10-2025,https://careerviet.vn/vi/tim-viec-lam/test-engineer.35C59A49.html
35C59A15,Nhân Viên Kinh Doanh (Mảng Công Nghiệp B2B)(Mới),CÔNG TY TNHH KỸ THUẬT CÔNG NGHỆ MÔI TRƯỜNG LONG TRƯỜNG VŨ,Hồ Chí Minh Đà Nẵng Hà Nội,Lương: 9 Tr - 15 Tr VND,01-10-2025,01-11-2025,https://careerviet.vn/vi/tim-viec-lam/nhan-vien-kinh-doanh-mang-cong-nghiep-b2b.35C59A15.html
35C59A45,Chuyên viên Quản lý Dự án(Mới),BVBank - Ngân hàng Bản Việt,Hồ Chí Minh,Lương: Cạnh Tranh,01-10-2025,31-10-2025,https://careerviet.vn/vi/tim-viec-lam/chuyen-vien-quan-ly-du-an.35C59A45.html
35C59A48,Furniture QC Inspector (HCM) - P.IN(Mới),TÜV Rheinland Vietnam,Singapore,Lương: Cạnh Tranh,01-10-2025,31-10-2025,https://careerviet.vn/vi/tim-viec-lam/furniture-qc-inspector-hcm-p-in.35C59A48.html
35C59A46,Nhân Viên Vận Hành TMĐT(Mới),Công Ty Cổ phần Tập Đoàn KIDO,Hồ Chí Minh,Lương: Cạnh Tranh,01-10-2025,31-10-2025,https://careerviet.vn/vi/tim-viec-lam/nhan-vien-van-hanh-tmdt.35C59A46.html
35C598EA,Trưởng phòng Quản lý thiết kế(Mới),CÔNG TY CỔ PHẦN VĨNH QUANG,Hồ Chí Minh,Lương: Cạnh Tranh,01-10-2025,31-10-2025,https://careerviet.vn/vi/tim-viec-lam/truong-phong-quan-ly-thiet-ke.35C598EA.html
35C59A43,Quản lý Ca Nhà hàng McDonald's(Mới),Công Ty Cổ Phần Good Day Hospitality (McDonald's Vietnam),Hồ Chí Minh Bà Rịa - Vũng Tàu,Lương: 9 Tr - 14 Tr VND,01-10-2025,01-11-2025,https://careerviet.vn/vi/tim-viec-lam/quan-ly-ca-nha-hang-mcdonald-s.35C59A43.html
35C59A44,Trưởng Phòng Kho (Nhà máy Dầu - Vinh)(Mới),Công Ty Cổ phần Tập Đoàn KIDO,Nghệ An,Lương: Cạnh Tranh,01-10-2025,10-11-2025,https://careerviet.vn/vi/tim-viec-lam/truong-phong-kho-nha-may-dau-vinh.35C59A44.html
35C59A41,Chăm Sóc Khách Hàng App Vận Chuyển-Nhận Việc Ngay(Mới),Công Ty TNHH Việt Mỹ-SSU,Hồ Chí Minh,"Lương: 6 Tr - 8,3 Tr VND",01-10-2025,31-10-2025,https://careerviet.vn/vi/tim-viec-lam/cham-soc-khach-hang-app-van-chuyen-nhan-viec-ngay.35C59A41.html
35C59630,Giám Đốc Kinh Doanh(Mới),CÔNG TY CỔ PHẦN ĐẦU TƯ ĐÔNG BẮC LAND,Hà Nội,Lương: Cạnh Tranh,01-10-2025,31-10-2025,https://careerviet.vn/vi/tim-viec-lam/giam-doc-kinh-doanh.35C59630.html
35C59A3F,Trưởng Phòng Hành Chính Nhân Sự (Mới),"Công ty TNHH Sản xuất, lắp ráp Tuấn Nghĩa",Hà Nội,Lương: 23 Tr - 27 Tr VND,01-10-2025,31-10-2025,https://careerviet.vn/vi/tim-viec-lam/truong-phong-hanh-chinh-nhan-su.35C59A3F.html
35C59A3F,Trưởng Phòng Hành Chính Nhân Sự (Mới),"Công ty TNHH Sản xuất, lắp ráp Tuấn Nghĩa",Hà Nội,Lương: 23 Tr - 27 Tr VND,01-10-2025,31-10-2025,https://careerviet.vn/vi/tim-viec-lam/truong-phong-hanh-chinh-nhan-su.35C59A3F.html
35C59A3D,Nhân viên sự kiện (Mới),CÔNG TY CỔ PHẦN TẬP ĐOÀN ONSEN FUJI,Phú Thọ,Lương: 8 Tr - 12 Tr VND,01-10-2025,31-10-2025,https://careerviet.vn/vi/tim-viec-lam/nhan-vien-su-kien.35C59A3D.html
35C59A3C,Trưởng Phòng Kỹ Thuật (Nhà máy Dầu - Vinh) (Mới),Công Ty Cổ phần Tập Đoàn KIDO,Nghệ An,Lương: Cạnh tranh,01-10-2025,11-11-2025,https://careerviet.vn/vi/tim-viec-lam/truong-phong-ky-thuat-nha-may-dau-vinh.35C59A3C.html
35C59A22,QUẢN LÝ KINH DOANH ETC (Mới),CÔNG TY TNHH DƯỢC PHẨM ĐẠI PHÚ AN,Hồ Chí Minh,Lương: 10 Tr - 30 Tr VND,01-10-2025,31-10-2025,https://careerviet.vn/vi/tim-viec-lam/quan-ly-kinh-doanh-etc.35C59A22.html
35C59A35,Chuyên viên Event (Mới),Công Ty Cổ Phần Tập Đoàn Sunshine,Hồ Chí Minh,Lương: 15 Tr - 25 Tr VND,01-10-2025,20-10-2025,https://careerviet.vn/vi/tim-viec-lam/chuyen-vien-event.35C59A35.html
35C576EE,Kế Toán Trưởng Tiếng Trung 会计长,CÔNG TY TNHH BSI FREIGHT VIỆT NAM,Hồ Chí Minh,Lương: 30 Tr - 45 Tr VND,01-10-2025,15-10-2025,https://careerviet.vn/vi/tim-viec-lam/ke-toan-truong-tieng-trung.35C576EE.html
35C599A2,Nhân viên chăm sóc khách hàng Kênh Call - Dự án Shopee (Mới),Công Ty TNHH Việt Mỹ-SSU,Hồ Chí Minh,"Lương: 6,8 Tr - 8 Tr VND",01-10-2025,30-10-2025,https://careerviet.vn/vi/tim-viec-lam/nhan-vien-cham-soc-khach-hang-kenh-call-du-an-shopee.35C599A2.html
35C599B9,Nhân viên chăm sóc khách hàng kênh chat - Dự án Shopee (Mới),Công Ty TNHH Việt Mỹ-SSU,Hồ Chí Minh,"Lương: 6,7 Tr - 7,8 Tr VND",01-10-2025,30-10-2025,https://careerviet.vn/vi/tim-viec-lam/nhan-vien-cham-soc-khach-hang-kenh-chat-du-an-shopee.35C599B9.html
35C59972,Nhân viên Xử Lý Khiếu Nại (Dispute) – Dự án Shopee (Mới),Công Ty TNHH Việt Mỹ-SSU,Hồ Chí Minh,Lương: 7 Tr - 9 Tr VND,01-10-2025,13-10-2025,https://careerviet.vn/vi/tim-viec-lam/nhan-vien-xu-ly-khieu-nai-dispute-du-an-shopee.35C59972.html
35C599CB,Nhân Viên Chăm Sóc Khách Hàng Kênh Chat Với Tài Xế - Dự án Shopee (Mới),Công Ty TNHH Việt Mỹ-SSU,Hồ Chí Minh,"Lương: 8,5 Tr - 9,3 Tr VND",01-10-2025,09-10-2025,https://careerviet.vn/vi/tim-viec-lam/nhan-vien-cham-soc-khach-hang-kenh-chat-voi-tai-xe-du-an-shopee.35C599CB.html
35C599F5,Nhân viên chăm sóc khách hàng Ví điện tử MoMo (Mới),Công Ty TNHH Việt Mỹ-SSU,Hồ Chí Minh,"Lương: 6,5 Tr - 8,5 Tr VND",01-10-2025,14-10-2025,https://careerviet.vn/vi/tim-viec-lam/nhan-vien-cham-soc-khach-hang-vi-dien-tu-momo.35C599F5.html
35C59A1A,Nhân Viên Admin Finance - Full Time (Mới),Công Ty TNHH Việt Mỹ-SSU,Hồ Chí Minh,"Lương: 7,8 Tr - 8 Tr VND",01-10-2025,15-10-2025,https://careerviet.vn/vi/tim-viec-lam/nhan-vien-admin-finance-full-time.35C59A1A.html
35C59A30,Nhân Viên Hỗ Trợ Đối Tác Nhà Hàng - Shopeefood (Content) (Mới),Công Ty TNHH Việt Mỹ-SSU,Hồ Chí Minh,Lương: 6 Tr - 8 Tr VND,01-10-2025,09-10-2025,https://careerviet.vn/vi/tim-viec-lam/nhan-vien-ho-tro-doi-tac-nha-hang-shopeefood-content.35C59A30.html
35C59A39,Đại diện bán hàng (Mới),Công ty CP Toshiko Việt Nam,Nghệ An,Lương: 15 Tr - 25 Tr VND,01-10-2025,12-10-2025,https://careerviet.vn/vi/tim-viec-lam/dai-dien-ban-hang.35C59A39.html
35C59A36,[Hà Nội] Nhân Viên Lễ Tân Phòng Khám (Mới),Công ty cổ phần HaMo Holdings,Hà Nội,Lương: 8 Tr - 9 Tr VND,01-10-2025,31-10-2025,https://careerviet.vn/vi/tim-viec-lam/ha-noi-nhan-vien-le-tan-phong-kham.35C59A36.html
35C59A34,Kỹ Sư Giám Sát Dự Án (Mới),Công Ty Cổ Phần NICON,Hồ Chí Minh Bình Dương Long An,Lương: Cạnh tranh,01-10-2025,31-10-2025,https://careerviet.vn/vi/tim-viec-lam/ky-su-giam-sat-du-an.35C59A34.html
35C59A20,Giám Đốc Kinh Doanh (Mới),Công Ty CP Sản Xuất Bao Bì Công Nghiệp Toàn Cầu,Đồng Nai,Lương: Cạnh tranh,01-10-2025,01-11-2025,https://careerviet.vn/vi/tim-viec-lam/giam-doc-kinh-doanh.35C59A20.html
35C59985,Chỉ Huy Công Trường (Mới),Công Ty Cổ Phần NICON,Hồ Chí Minh Đồng Nai Long An,Lương: Cạnh tranh,01-10-2025,31-10-2025,https://careerviet.vn/vi/tim-viec-lam/chi-huy-cong-truong.35C59985.html
35C59A33,Chuyên Viên Quản Lý Dự Án CNTT (Mới),SCI Group,Hà Nội,Lương: 18 Tr - 22 Tr VND,01-10-2025,02-11-2025,https://careerviet.vn/vi/tim-viec-lam/chuyen-vien-quan-ly-du-an-cntt.35C59A33.html
35C59A31,Nhân viên vận hành máy ép viên (Mới),Deheus Vĩnh Phúc,Vĩnh Phúc,"Lương: 9 Tr - 9,5 Tr VND",01-10-2025,15-10-2025,https://careerviet.vn/vi/tim-viec-lam/nhan-vien-van-hanh-may-ep-vien.35C59A31.html
35C57F21,General Accountant/ Finance Executive(Mới),NIRVANA MEMORIAL PARK - CÔNG TY TNHH CÔNG VIÊN TƯỞNG NIỆM NIẾT BÀN,Hồ Chí Minh,Lương: 16 Tr - 21 Tr VND,01-10-2025,31-10-2025,https://careerviet.vn/vi/tim-viec-lam/general-accountant-finance-executive.35C57F21.html
35C599A6,TỔ TRƯỞNG AN TOÀN SEA(Mới),Công ty TNHH Giày Apache Việt Nam,Tiền Giang,Lương: Cạnh Tranh,01-10-2025,01-11-2025,https://careerviet.vn/vi/tim-viec-lam/to-truong-an-toan-sea.35C599A6.html
35C58C7D,Structural Engineer(Mới),CÔNG TY TNHH JRL ENGINEERING VIỆT NAM,Hồ Chí Minh,Lương: 10 Tr - 35 Tr VND,01-10-2025,10-11-2025,https://careerviet.vn/vi/tim-viec-lam/structural-engineer.35C58C7D.html
35C59A2F,Chuyên viên PR Marketing(Mới),Công Ty Cổ Phần Tập Đoàn Sunshine,Hồ Chí Minh,Lương: 20 Tr - 30 Tr VND,01-10-2025,20-10-2025,https://careerviet.vn/vi/tim-viec-lam/chuyen-vien-pr-marketing.35C59A2F.html
35C59A26,Kỹ Sư Bán Hàng (Sales Engineer)(Mới),CÔNG TY TNHH THIẾT BỊ HUY HÙNG,Hồ Chí Minh,Lương: 10 Tr - 20 Tr VND,01-10-2025,31-10-2025,https://careerviet.vn/vi/tim-viec-lam/ky-su-ban-hang-sales-engineer.35C59A26.html
35C59A2E,Chuyên viên quay dựng phim(Mới),Công ty Cổ phần Tập đoàn Gỗ Minh Long,Hà Nội,Lương: 15 Tr - 25 Tr VND,01-10-2025,09-11-2025,https://careerviet.vn/vi/tim-viec-lam/chuyen-vien-quay-dung-phim.35C59A2E.html
35C59A2D,Nhân viên PE- Pattern Engineer(Mới),TKG Taekwang Vina,Đồng Nai,Lương: 10 Tr - 17 Tr VND,01-10-2025,31-10-2025,https://careerviet.vn/vi/tim-viec-lam/nhan-vien-pe-pattern-engineer.35C59A2D.html
35C59A28,Chuyên viên quản lý chất lượng QA/QC - Contact center - Ngành Thương mại điện tử(Mới),CÔNG TY TNHH TRANSCOSMOS VIỆT NAM,Hồ Chí Minh,Lương: 11 Tr - 13 Tr VND,01-10-2025,31-10-2025,https://careerviet.vn/vi/tim-viec-lam/chuyen-vien-quan-ly-chat-luong-qa-qc-contact-center-nganh-thuong-mai-dien-tu.35C59A28.html
35C59A2A,Trưởng nhóm kinh doanh(Mới),Công ty CP Toshiko Việt Nam,Hà Nội,Lương: 15 Tr - 30 Tr VND,01-10-2025,19-10-2025,https://careerviet.vn/vi/tim-viec-lam/truong-nhom-kinh-doanh.35C59A2A.html
35C59A2B,Quản Lý Công Nghệ Đúc Kim Loại (Vàng/ Bạc)(Mới),Headhunter HRchannels Group,Hà Nam Hà Nội Nam Định,"Lương: 2,500 - 3,500 USD",01-10-2025,01-11-2025,https://careerviet.vn/vi/tim-viec-lam/quan-ly-cong-nghe-duc-kim-loai-vang-bac.35C59A2B.html
35C59A27,Hà Đông - Nhân viên tư vấn bán hàng(Mới),Công ty CP Toshiko Việt Nam,Hà Nội,Lương: 13 Tr - 20 Tr VND,01-10-2025,26-10-2025,https://careerviet.vn/vi/tim-viec-lam/ha-dong-nhan-vien-tu-van-ban-hang.35C59A27.html
35C59A25,Chuyên Viên Hỗ Trợ Khách Hàng Và Quản Lý Rủi Ro Gian Lận _ Ngành Thương Mại Điện Tử(Mới),CÔNG TY TNHH TRANSCOSMOS VIỆT NAM,Hồ Chí Minh,Lương: 11 Tr - 13 Tr VND,01-10-2025,31-10-2025,https://careerviet.vn/vi/tim-viec-lam/chuyen-vien-ho-tro-khach-hang-va-quan-ly-rui-ro-gian-lan-_-nganh-thuong-mai-dien-tu.35C59A25.html
35C4D852,Chuyên viên thiết kế nội thất(Mới),Công ty Cổ phần Tập đoàn Gỗ Minh Long,Hà Nội,Lương: 15 Tr - 25 Tr VND,01-10-2025,09-11-2025,https://careerviet.vn/vi/tim-viec-lam/chuyen-vien-thiet-ke-noi-that.35C4D852.html
35C59A1E,Nhân Viên Vận Hành và Bảo Trì(Mới),Orioled Hub,Bà Rịa - Vũng Tàu,Lương: 13 Tr - 18 Tr VND,01-10-2025,31-10-2025,https://careerviet.vn/vi/tim-viec-lam/nhan-vien-van-hanh-va-bao-tri.35C59A1E.html
35C59A23,"Chuyên viên kinh doanh thị trường - Nghệ An, Hà Tĩnh(Mới)",Công ty CP Toshiko Việt Nam,Nghệ An,Lương: 15 Tr - 25 Tr VND,01-10-2025,12-10-2025,https://careerviet.vn/vi/tim-viec-lam/chuyen-vien-kinh-doanh-thi-truong-nghe-an-ha-tinh.35C59A23.html
35C59A24,Chuyên viên chăm Sóc Khách Hàng và Quản Lý Rủi Ro _ Thương mại điện tử(Mới),CÔNG TY TNHH TRANSCOSMOS VIỆT NAM,Hồ Chí Minh,Lương: 11 Tr - 13 Tr VND,01-10-2025,31-10-2025,https://careerviet.vn/vi/tim-viec-lam/chuyen-vien-cham-soc-khach-hang-va-quan-ly-rui-ro-_-thuong-mai-dien-tu.35C59A24.html
35C57F24,Finance Manager / Finance and Accounting Manager(Mới),NIRVANA MEMORIAL PARK - CÔNG TY TNHH CÔNG VIÊN TƯỞNG NIỆM NIẾT BÀN,Hồ Chí Minh,Lương: 45 Tr - 55 Tr VND,01-10-2025,31-10-2025,https://careerviet.vn/vi/tim-viec-lam/finance-manager-finance-and-accounting-manager.35C57F24.html
35C59A1F,Nhân Viên Xử Lý Khiếu Nại Sàn Shopee(Mới),Công Ty TNHH Việt Mỹ-SSU,Hồ Chí Minh,Lương: 7 Tr - 9 Tr VND,01-10-2025,31-10-2025,https://careerviet.vn/vi/tim-viec-lam/nhan-vien-xu-ly-khieu-nai-san-shopee.35C59A1F.html
35C59A1D,Kỹ Thuật Viên(Mới),CÔNG TY TNHH KỸ THUẬT TEXSOL,Hải Dương Hải Phòng Hồ Chí Minh,Lương: 8 Tr - 20 Tr VND,01-10-2025,01-11-2025,https://careerviet.vn/vi/tim-viec-lam/ky-thuat-vien.35C59A1D.html
35C59A1B,Công nhân Premix(Mới),Deheus Hải Phòng,Hải Phòng,"Lương: 6,6 Tr - 7,2 Tr VND",01-10-2025,15-10-2025,https://careerviet.vn/vi/tim-viec-lam/cong-nhan-premix.35C59A1B.html
35C59A18,Nhân viên Digital Marketing(Mới),CÔNG TY TNHH KỸ THUẬT CÔNG NGHỆ MÔI TRƯỜNG LONG TRƯỜNG VŨ,Hồ Chí Minh,Lương: 9 Tr - 12 Tr VND,01-10-2025,01-11-2025,https://careerviet.vn/vi/tim-viec-lam/nhan-vien-digital-marketing.35C59A18.html
35C59A17,Nhân viên bảo trì(Mới),CÔNG TY CỔ PHẦN BMP GROUP,Bình Dương,Lương: Cạnh Tranh,01-10-2025,6,https://careerviet.vn/vi/tim-viec-lam/nhan-vien-bao-tri.35C59A17.html
35C599FD,Area Sales Manager - MT(Mới),CÔNG TY CỔ PHẦN THƯƠNG MẠI DỊCH VỤ SẢN XUẤT HƯƠNG THỦY,Bình Dương,Lương: Cạnh Tranh,01-10-2025,30-11-2025,https://careerviet.vn/vi/tim-viec-lam/area-sales-manager-mt.35C599FD.html
35C599A7,NHÂN VIÊN KINH DOANH (NGÀNH TÔN-QUẬN 2)(Mới),Công Ty TNHH Pomaxx Việt Nam,Hồ Chí Minh,Lương: 12 Tr - 20 Tr VND,01-10-2025,20-11-2025,https://careerviet.vn/vi/tim-viec-lam/nhan-vien-kinh-doanh-nganh-ton-quan-2.35C599A7.html
35C59A0E,Công nhân Premix(Mới),Công ty Proconco Hải Phòng,Hải Phòng,"Lương: 6,6 Tr - 7,2 Tr VND",01-10-2025,15-10-2025,https://careerviet.vn/vi/tim-viec-lam/cong-nhan-premix.35C59A0E.html
35C59A13,Internal Audit (Kiểm toán nội bộ)(Mới),CJ Foodville Việt Nam,Hồ Chí Minh,Lương: Cạnh Tranh,01-10-2025,31-10-2025,https://careerviet.vn/vi/tim-viec-lam/internal-audit-kiem-toan-noi-bo.35C59A13.html
35C59A11,Nhân Viên Kỹ Thuật Điện(Mới),Tập Đoàn An Phát Holdings,Hải Dương,Lương: 12 Tr - 15 Tr VND,01-10-2025,15-11-2025,https://careerviet.vn/vi/tim-viec-lam/nhan-vien-ky-thuat-dien.35C59A11.html
35C599F9,Documentation Staff(Mới),CÔNG TY TNHH QUẢN LÝ CHUỖI CUNG ỨNG QUỐC TẾ GIA HOA VIỆT NAM,Hồ Chí Minh,Lương: Cạnh Tranh,01-10-2025,31-10-2025,https://careerviet.vn/vi/tim-viec-lam/documentation-staff.35C599F9.html
35C59A05,"Giám Sát Dự Án Hoàn Thiện - Nội Thất (dự án Hạ Long, Hà Nội, Phú Quốc, Hồ Tràm...)(Mới)",TTT Corporation,Hà Nội Quảng Ninh Hồ Chí Minh,Lương: 15 Tr - 25 Tr VND,01-10-2025,10-11-2025,https://careerviet.vn/vi/tim-viec-lam/giam-sat-du-an-hoan-thien-noi-that-du-an-ha-long-ha-noi-phu-quoc-ho-tram.35C59A05.html
35C59A0C,"HO - Giám đốc Phát triển sản phẩm vay thế chấp, Khối Bán lẻ(Mới)",Ngân Hàng TMCP Phương Đông - OCB,Hồ Chí Minh Hà Nội,Lương: Cạnh Tranh,01-10-2025,31-10-2025,https://careerviet.vn/vi/tim-viec-lam/ho-giam-doc-phat-trien-san-pham-vay-the-chap-khoi-ban-le.35C59A0C.html
